employee_id,email,password,role
1,admin@gmail.com,123,ADMIN
2,larsonderek@yahoo.com,+#9T1bVw4x,USER
3,eric39@hotmail.com,F44mMnIkU%,USER
4,john51@chavez.net,P1VwmPDg(I,USER
5,xporter@hotmail.com,C+2G&X5c7P,USER
6,michael74@schmidt.net,jr*7ekAmQS,USER
7,jamie14@gmail.com,297F(f+S*6,USER
8,aburgess@yahoo.com,Osi!IRJ1@6,USER
9,welchfrank@zhang.com,^HBnDli^E2,USER
10,rayrobert@olson-ball.com,_Mp!4DrI34,USER
11,steven53@kennedy-hall.com,%3dl50Xm($,USER
12,ramirezgeoffrey@stanley-ortiz.net,P2kH4lUp)8,USER
13,rcastillo@yahoo.com,&2B15BM#ys,USER
14,benjamincharles@bailey.info,2hZHpDuQ$J,USER
15,uadams@riddle-clements.biz,B9aJ6Sht#R,USER
16,archerpatrick@williams-cummings.net,$EMbt0My#$,USER
17,crivera@gmail.com,0w_87Mjop#,USER
18,kellyflores@gmail.com,$eiQBI!96o,USER
19,carol39@hotmail.com,&14QGEiD9C,USER
20,brent19@ortega.org,_1jTrIyLZN,USER
21,amandakent@hotmail.com,B!r8McdpgQ,USER
22,ortizwilliam@schwartz.com,(0MtOPjLp6,USER
23,alvaradojohn@gmail.com,3+Puv1!n^M,USER
24,stevenchase@yahoo.com,p$4c9DEZ%s,USER
25,troyferguson@cunningham.com,TOhn@2VbBX,USER
26,qcardenas@yahoo.com,4v^Fzzrm^y,USER
27,donna85@hotmail.com,)G08cNTu*^,USER
28,xcoleman@bryant.com,+y5$90Cz53,USER
29,curtisfowler@gmail.com,eh6pNURje@,USER
30,jacobboone@moore-peterson.com,(jv4mEsM14,USER
31,benjaminfreeman@yahoo.com,#1Wkao%t%W,USER
32,sara02@gmail.com,y2!)tAXP*h,USER
33,lindsey51@gmail.com,MOb5wy(tC!,USER
34,sydneyallen@gmail.com,k+64Ek#^W1,USER
35,tonybutler@yahoo.com,&64EWSep@J,USER
36,hebertmichael@barker.com,$CkR*Tka8e,USER
37,amy93@yahoo.com,Jhi8V1V*q%,USER
38,cathymcclure@yahoo.com,^*0d(fLhlD,USER
39,tylersnyder@hotmail.com,M$b6)0Ax4&,USER
40,clarkhayley@robertson-martin.com,2WGucdKw&S,USER
41,clarkpaula@mcdaniel-watts.info,+)x4hVM9Lk,USER
42,mariah98@gmail.com,L%0HzZkX$y,USER
43,dford@king.org,r@!u8M)r&D,USER
44,aaronmanning@hotmail.com,^P7OGVbxS1,USER
45,mortonkelsey@taylor.com,3&eoGt4q)t,USER
46,owenchristopher@hotmail.com,!H66ILmBaK,USER
47,iburns@gmail.com,_5qYFJfh5O,USER
48,williamsmargaret@gmail.com,94RVucD1_m,USER
49,maldonadonicholas@gmail.com,@09TtQ+oQ(,USER
50,jonathan28@compton.com,oK7^!Del$i,USER
51,jonathan32@yahoo.com,pe5GAxp*$t,USER
52,lewisbrenda@gmail.com,#v*Ht#Kj%7,USER
53,jameswatkins@jones.biz,v3WN7Yvz!^,USER
54,john61@stark.com,E_8y0%Glfk,USER
55,jerry11@gmail.com,r*El*8cj%G,USER
56,vasquezashley@olsen.biz,s!5n4Lpj+4,USER
57,dominique60@hotmail.com,594#VXjUS@,USER
58,wking@hotmail.com,v72P^Cqrf&,USER
59,rodriguezaustin@brewer.biz,pr08P&aY^!,USER
60,beasleyveronica@gmail.com,#NAME?,USER
61,christinaperry@hotmail.com,A(6E3MEc_9,USER
62,hpacheco@yahoo.com,ctJwnWrq^0,USER
63,wnavarro@stanley.com,t$h1RhsRFJ,USER
64,phillipgrant@contreras.com,(NPC5nPlZ*,USER
65,jasminemejia@davis-bailey.biz,^1#8NulmV(,USER
66,eanderson@hotmail.com,sAFX+Mqr$0,USER
67,zlopez@hotmail.com,n2FVVdq%@d,USER
68,stacey40@hotmail.com,H78^QHaO@3,USER
69,kimjohn@yahoo.com,I*cX2kp9vK,USER
70,debra00@gmail.com,*EN*xO#f3J,USER
71,robinsonethan@gomez.net,!kd2+FSoI2,USER
72,ghoover@perez.com,%3JJBWpZ_7,USER
73,mccoydanielle@clay-lewis.com,^N_k5KFr^j,USER
74,ann19@hotmail.com,6hWY2zYa%A,USER
75,petersonsamuel@monroe.com,&X2V6TlMk6,USER
76,ihernandez@rogers.com,hs(3XrZeqz,USER
77,lanejames@gmail.com,$XL0)kO37@,USER
78,tinadecker@yahoo.com,$9BU8i@LBk,USER
79,mark76@yahoo.com,RR9aQQz^%9,USER
80,chadcollins@brown.org,%M9OcnN2El,USER
81,qmyers@nguyen-ayers.com,Wd8M@3Oaqw,USER
82,johnsonjim@hotmail.com,1Z59&Dvf&6,USER
83,jeanettepacheco@edwards-alvarez.biz,@3H@vRlTMO,USER
84,larajennifer@bennett-carson.com,#y4I1HpyD2,USER
85,richard18@hotmail.com,jZ3^MvIB+V,USER
86,justinbeck@yahoo.com,dd4_LMpD!J,USER
87,linda87@hotmail.com,+5tIrOUt_4,USER
88,marclarsen@tran.net,*Y)BnQx(n1,USER
89,eleonard@johnson-kim.info,H_4)AdyNAX,USER
90,suzanneburns@gmail.com,1eLewsOD#e,USER
91,droberts@becker.biz,goCWTSoT%3,USER
92,wilkinsmegan@yahoo.com,!pwlN0Bn4F,USER
93,jboyd@salas-marsh.biz,s%79ZPn$OF,USER
94,john41@hotmail.com,WE3uS2Tdu_,USER
95,perkinsmelissa@yahoo.com,*GDn%9Zl$c,USER
96,duffyjohn@cole.com,K_66Bp)goK,USER
97,dennisgarrett@yahoo.com,&S)6L@xN6&,USER
98,gjohnson@williamson.org,+0Csv2N8p6,USER
99,daniel27@yahoo.com,nkN3Guw69+,USER
100,debbie90@hotmail.com,&aL+Omkam9,USER
